Material,Material Description,Batch,Base Unit,Shelf Life Expiration Date,Storage Location,Plant,Plant Name,Blocked Stock,Physical Condition,Origin,Destination,Destination Plant,Palletization,Pallet Quantity,Unit Value,Total Value,PO,Delivery,FU,FO,Pull Number,Transfer Invoice Number,Carrier,Request Date,Delivery Date
100598,APROACH POWER BTLPET10L BRA,24H2887L08,L,2027-08-08 00:00:00,5240,2875,CTVA Carazinho 7413 DC CP,1720.0,1026SU - produto sujo ,Carazinho,Paulínia,3439,750.0,2.2933333333333334,70.35,121001.99999999999,5300106003.0,80759276.0,4100658656.0,,PC001,32854.0,BRAVO,29.07.2025,02.08.2025
100598,APROACH POWER BTLPET10L BRA,24H2887L11,L,2027-08-08 00:00:00,5240,2875,CTVA Carazinho 7413 DC CP,750.0,1026SU - produto sujo ,Carazinho,Paulínia,3439,750.0,1.0,70.35,52762.49999999999,5300106003.0,80759276.0,4100658656.0,,PC001,32854.0,BRAVO,29.07.2025,02.08.2025
100598,APROACH POWER BTLPET10L BRA,24K2887M34,L,2027-11-14 00:00:00,5240,2875,CTVA Carazinho 7413 DC CP,1660.0,1026SU - produto sujo ,Carazinho,Paulínia,3439,750.0,2.2133333333333334,70.35,116780.99999999999,5300106003.0,80759276.0,4100658656.0,,PC001,32854.0,BRAVO,29.07.2025,02.08.2025
100598,APROACH POWER BTLPET10L BRA,24K2887M40,L,2027-11-15 00:00:00,5240,2875,CTVA Carazinho 7413 DC CP,500.0,1026SU - produto sujo ,Carazinho,Paulínia,3439,750.0,0.6666666666666666,70.35,35175.0,5300106003.0,80759276.0,4100658656.0,,PC001,32854.0,BRAVO,29.07.2025,02.08.2025
100598,APROACH POWER BTLPET10L BRA,24K4813026,L,2027-11-25 00:00:00,5240,2875,CTVA Carazinho 7413 DC CP,700.0,1026SU - produto sujo ,Carazinho,Paulínia,3439,750.0,0.9333333333333333,70.35,49244.99999999999,5300106003.0,80759276.0,4100658656.0,,PC001,32854.0,BRAVO,29.07.2025,02.08.2025
100598,APROACH POWER BTLPET10L BRA,24K4813033,L,2027-11-26 00:00:00,5240,2875,CTVA Carazinho 7413 DC CP,240.0,1026SU - produto sujo ,Carazinho,Paulínia,3439,750.0,0.32,70.35,16884.0,5300106003.0,80759277.0,4100658657.0,,PC001,32856.0,BRAVO,29.07.2025,02.08.2025
100598,APROACH POWER BTLPET10L BRA,24L2887K77,L,2027-12-07 00:00:00,5240,2875,CTVA Carazinho 7413 DC CP,650.0,1026SU - produto sujo ,Carazinho,Paulínia,3439,750.0,0.8666666666666667,70.35,45727.49999999999,5300106003.0,80759277.0,4100658657.0,,PC001,32856.0,BRAVO,29.07.2025,02.08.2025
100598,APROACH POWER BTLPET10L BRA,24L2887L08,L,2027-12-09 00:00:00,5240,2875,CTVA Carazinho 7413 DC CP,100.0,1026SU - produto sujo ,Carazinho,Paulínia,3439,750.0,0.13333333333333333,70.35,7034.999999999999,5300106003.0,80759277.0,4100658657.0,,PC001,32856.0,BRAVO,29.07.2025,02.08.2025
100598,APROACH POWER BTLPET10L BRA,24L2887L79,L,2027-12-13 00:00:00,5240,2875,CTVA Carazinho 7413 DC CP,2240.0,1026SU - produto sujo ,Carazinho,Paulínia,3439,750.0,2.986666666666667,70.35,157584.0,5300106003.0,80759277.0,4100658657.0,,PC001,32856.0,BRAVO,29.07.2025,02.08.2025
100598,APROACH POWER BTLPET10L BRA,24L2887L94,L,2027-12-14 00:00:00,5240,2875,CTVA Carazinho 7413 DC CP,2120.0,1026SU - produto sujo ,Carazinho,Paulínia,3439,750.0,2.8266666666666667,70.35,149142.0,5300106003.0,80759277.0,4100658657.0,,PC001,32856.0,BRAVO,29.07.2025,02.08.2025
100598,APROACH POWER BTLPET10L BRA,24L2887L97,L,2027-12-15 00:00:00,5240,2875,CTVA Carazinho 7413 DC CP,420.0,1026SU - produto sujo ,Carazinho,Paulínia,3439,750.0,0.56,70.35,29546.999999999996,5300106003.0,80759277.0,4100658657.0,,PC001,32856.0,BRAVO,29.07.2025,02.08.2025
100598,APROACH POWER BTLPET10L BRA,24L2887M01,L,2027-12-15 00:00:00,5240,2875,CTVA Carazinho 7413 DC CP,1580.0,1026SU - produto sujo ,Carazinho,Paulínia,3439,750.0,2.1066666666666665,70.35,111152.99999999999,5300106003.0,80759277.0,4100658657.0,,PC001,32856.0,BRAVO,29.07.2025,02.08.2025
100598,APROACH POWER BTLPET10L BRA,24L2887M23,L,2027-12-16 00:00:00,5240,2875,CTVA Carazinho 7413 DC CP,40.0,1026SU - produto sujo ,Carazinho,Paulínia,3439,750.0,0.05333333333333334,70.35,2814.0,5300106003.0,80759277.0,4100658657.0,,PC001,32856.0,BRAVO,29.07.2025,02.08.2025
100598,APROACH POWER BTLPET10L BRA,24L2887M27,L,2027-12-16 00:00:00,5240,2875,CTVA Carazinho 7413 DC CP,10.0,1026SU - produto sujo ,Carazinho,Paulínia,3439,750.0,0.013333333333333334,70.35,703.5,5300106003.0,80759277.0,4100658657.0,,PC001,32856.0,BRAVO,29.07.2025,02.08.2025
100598,APROACH POWER BTLPET10L BRA,C021N9E191,L,2025-06-26 00:00:00,5300,2875,CTVA Carazinho 7413 DC CP,430.0,1004PV - produto vencido,Carazinho,Paulínia,3439,750.0,0.5733333333333334,70.35,30250.499999999996,5300106003.0,80759277.0,4100658657.0,,PC001,32856.0,BRAVO,29.07.2025,02.08.2025
100598,APROACH POWER BTLPET10L BRA,C021O3A191,L,2025-07-01 00:00:00,5300,2875,CTVA Carazinho 7413 DC CP,140.0,1004PV - produto vencido,Carazinho,Paulínia,3439,750.0,0.18666666666666668,70.35,9849.0,5300106003.0,80759277.0,4100658657.0,,PC001,32856.0,BRAVO,29.07.2025,02.08.2025
100598,APROACH POWER BTLPET10L BRA,SEP22OU706,L,2024-09-01 00:00:00,5300,2875,CTVA Carazinho 7413 DC CP,10.0,1004PV - produto vencido,Carazinho,Paulínia,3439,750.0,0.013333333333333334,70.35,703.5,5300106003.0,80759277.0,4100658657.0,,PC001,32856.0,BRAVO,29.07.2025,02.08.2025
100598,APROACH POWER BTLPET10L BRA,AUG22OU620,L,2025-07-31 00:00:00,5300,3433,LEM 7413 DC CP,840.0,1004PV - produto vencido,Luis Eduardo Magalhães,Paulínia,3439,750.0,1.12,45.72,38404.799999999996,5300112552.0,80820259.0,4100716138.0,2316757.0,PL001,12459.0,BRAVO,17.09.2025,29.09.2025
100598,APROACH POWER BTLPET10L BRA,24L2887K35,L,2027-12-03 00:00:00,5240,2875,CTVA Carazinho 7413 DC CP,400.0,1026SU - produto sujo ,Carazinho,Paulínia,3439,750.0,0.5333333333333333,70.35,28139.999999999996,5300112814.0,80820639.0,4100716815.0,2317362.0,PC005,33596.0,BRAVO,17.09.2025,25.09.2025
100598,APROACH POWER BTLPET10L BRA,24L2887L18,L,2027-12-09 00:00:00,5240,2875,CTVA Carazinho 7413 DC CP,1530.0,1026SU - produto sujo ,Carazinho,Paulínia,3439,750.0,2.04,70.35,107635.49999999999,5300112814.0,80820639.0,4100716815.0,2317362.0,PC005,33596.0,BRAVO,17.09.2025,25.09.2025
100598,APROACH POWER BTLPET10L BRA,24L2887L82,L,2027-12-13 00:00:00,5240,2875,CTVA Carazinho 7413 DC CP,1080.0,1026SU - produto sujo ,Carazinho,Paulínia,3439,750.0,1.44,70.35,75978.0,5300112814.0,80820639.0,4100716815.0,2317362.0,PC005,33596.0,BRAVO,17.09.2025,25.09.2025
100598,APROACH POWER BTLPET10L BRA,24L2887L92,L,2027-12-14 00:00:00,5240,2875,CTVA Carazinho 7413 DC CP,2670.0,1026SU - produto sujo ,Carazinho,Paulínia,3439,750.0,3.56,70.35,187834.49999999997,5300112814.0,80820639.0,4100716815.0,2317362.0,PC005,33596.0,BRAVO,17.09.2025,25.09.2025
100598,APROACH POWER BTLPET10L BRA,24L2887M08,L,2027-12-15 00:00:00,5240,2875,CTVA Carazinho 7413 DC CP,2550.0,1026SU - produto sujo ,Carazinho,Paulínia,3439,750.0,3.4,70.35,179392.5,5300112814.0,80820639.0,4100716815.0,2317362.0,PC005,33596.0,BRAVO,17.09.2025,25.09.2025
100598,APROACH POWER BTLPET10L BRA,24L2887M10,L,2027-12-15 00:00:00,5240,2875,CTVA Carazinho 7413 DC CP,2150.0,1026SU - produto sujo ,Carazinho,Paulínia,3439,750.0,2.8666666666666667,70.35,151252.5,5300112814.0,80820639.0,4100716815.0,2317362.0,PC005,33596.0,BRAVO,17.09.2025,25.09.2025
100598,APROACH POWER BTLPET10L BRA,C021MCA160,L,2025-12-09 00:00:00,5240,2875,CTVA Carazinho 7413 DC CP,10.0,1026SU - produto sujo ,Carazinho,Paulínia,3439,750.0,0.013333333333333334,70.35,703.5,5300112814.0,80820639.0,4100716815.0,2317362.0,PC005,33596.0,BRAVO,17.09.2025,25.09.2025
100598,APROACH POWER BTLPET10L BRA,C021MCE154,L,2025-12-13 00:00:00,5240,2875,CTVA Carazinho 7413 DC CP,20.0,1026SU - produto sujo ,Carazinho,Paulínia,3439,750.0,0.02666666666666667,70.35,1407.0,5300112814.0,80820639.0,4100716815.0,2317362.0,PC005,33596.0,BRAVO,17.09.2025,25.09.2025
"100598,APROACH POWER BTLPET10L BRA,25C2887N77,L,2028-03-29 00:00:00,5210,3433,LEM 7413 DC CP,30.0,1005RD - rótulo danificado	,Luis Eduardo Magalhães,Paulínia,3439,750.0,0.04,70.35,2110.5,5300112552.0,80820185.0,4100716237.0,2316757.0,PL001,12461.0,BRAVO,17.09.2025,29.09.2025"
100598,APROACH POWER BTLPET10L BRA,25C2887N77,L,2028-03-29 00:00:00,5240,3433,LEM 7413 DC CP,20.0,1026SU - produto sujo ,Luis Eduardo Magalhães,Paulínia,3439,750.0,0.02666666666666667,70.35,1407.0,5300112552.0,80820185.0,4100716237.0,2316757.0,PL001,12461.0,BRAVO,17.09.2025,29.09.2025
100598,APROACH POWER BTLPET10L BRA,SEP22OU837,L,2025-09-28 00:00:00,5240,3433,LEM 7413 DC CP,50.0,1026SU - produto sujo ,Luis Eduardo Magalhães,Paulínia,3439,750.0,0.06666666666666667,70.35,3517.4999999999995,5300112552.0,80820185.0,4100716237.0,2316757.0,PL001,12461.0,BRAVO,17.09.2025,29.09.2025
100598,APROACH POWER BTLPET10L BRA,SEP22OU761,L,2025-09-24 00:00:00,5300,3433,LEM 7413 DC CP,360.0,1004PV - produto vencido,Luis Eduardo Magalhães,Paulínia,3439,750.0,0.48,70.35,25325.999999999996,5300112552.0,80820185.0,4100716237.0,2316757.0,PL001,12461.0,BRAVO,17.09.2025,29.09.2025
100598,APROACH POWER BTLPET10L BRA,SEP22OU764,L,2025-09-24 00:00:00,5300,3433,LEM 7413 DC CP,1070.0,1004PV - produto vencido,Luis Eduardo Magalhães,Paulínia,3439,750.0,1.4266666666666667,70.35,75274.5,5300112552.0,80820185.0,4100716237.0,2316757.0,PL001,12461.0,BRAVO,17.09.2025,29.09.2025
100598,APROACH POWER BTLPET10L BRA,SEP22OU837,L,2025-09-28 00:00:00,5300,3433,LEM 7413 DC CP,3990.0,1004PV - produto vencido,Luis Eduardo Magalhães,Paulínia,3439,750.0,5.32,70.35,280696.5,5300112552.0,80820185.0,4100716237.0,2316757.0,PL001,12461.0,BRAVO,17.09.2025,29.09.2025
5852935,APROACH POWER JUG 20L BR,24J2887K43,L,2027-10-03 00:00:00,5210,3433,LEM 7413 DC CP,20.0,1001CD - caixa danificada,Luis Eduardo Magalhães,Paulínia,3439,800.0,0.025,50.71,1014.2,5300112552.0,80820201.0,4100716239.0,2316757.0,PL001,12463.0,BRAVO,17.09.2025,29.09.2025
5836522,APROACH PREMIUM BTL 10L BR,24E6216004,L,2027-05-09 00:00:00,5240,2875,CTVA Carazinho 7413 DC CP,100.0,1026SU - produto sujo ,Carazinho,Paulínia,3439,750.0,0.13333333333333333,84.966,8496.599999999999,5300108209.0,80776963.0,4100674915.0,2278362.0,PC003,33060.0,BRAVO,14.08.2025,22.08.2025
5836522,APROACH PREMIUM BTL 10L BR,24G6216088,L,2027-07-24 00:00:00,5240,2875,CTVA Carazinho 7413 DC CP,310.0,1026SU - produto sujo ,Carazinho,Paulínia,3439,750.0,0.41333333333333333,84.966,26339.46,5300108209.0,80776963.0,4100674915.0,2278362.0,PC003,33060.0,BRAVO,14.08.2025,22.08.2025
5836522,APROACH PREMIUM BTL 10L BR,24G6216090,L,2027-07-24 00:00:00,5240,2875,CTVA Carazinho 7413 DC CP,1530.0,1026SU - produto sujo ,Carazinho,Paulínia,3439,750.0,2.04,84.966,129997.98,5300108209.0,80776963.0,4100674915.0,2278362.0,PC003,33060.0,BRAVO,14.08.2025,22.08.2025
5836522,APROACH PREMIUM BTL 10L BR,24G6216091,L,2027-07-24 00:00:00,5240,2875,CTVA Carazinho 7413 DC CP,1020.0,1026SU - produto sujo ,Carazinho,Paulínia,3439,750.0,1.36,84.966,86665.31999999999,5300108209.0,80776963.0,4100674915.0,2278362.0,PC003,33060.0,BRAVO,14.08.2025,22.08.2025
5836522,APROACH PREMIUM BTL 10L BR,24G6216092,L,2027-07-24 00:00:00,5240,2875,CTVA Carazinho 7413 DC CP,850.0,1026SU - produto sujo ,Carazinho,Paulínia,3439,750.0,1.1333333333333333,84.966,72221.09999999999,5300108209.0,80776963.0,4100674915.0,2278362.0,PC003,33060.0,BRAVO,14.08.2025,22.08.2025
5836522,APROACH PREMIUM BTL 10L BR,24G6216101,L,2027-07-31 00:00:00,5240,2875,CTVA Carazinho 7413 DC CP,30.0,1026SU - produto sujo ,Carazinho,Paulínia,3439,750.0,0.04,84.966,2548.98,5300108209.0,80776963.0,4100674915.0,2278362.0,PC003,33060.0,BRAVO,14.08.2025,22.08.2025
5836522,APROACH PREMIUM BTL 10L BR,24I6216158,L,2027-09-10 00:00:00,5240,2875,CTVA Carazinho 7413 DC CP,40.0,1026SU - produto sujo ,Carazinho,Paulínia,3439,750.0,0.05333333333333334,84.966,3398.64,5300108209.0,80776963.0,4100674915.0,2278362.0,PC003,33060.0,BRAVO,14.08.2025,22.08.2025
5836522,APROACH PREMIUM BTL 10L BR,24I6216176,L,2027-09-23 00:00:00,5240,2875,CTVA Carazinho 7413 DC CP,480.0,1026SU - produto sujo ,Carazinho,Paulínia,3439,750.0,0.64,84.966,40783.68,5300108209.0,80776963.0,4100674915.0,2278362.0,PC003,33060.0,BRAVO,14.08.2025,22.08.2025
5836522,APROACH PREMIUM BTL 10L BR,24I6216183,L,2027-09-24 00:00:00,5240,2875,CTVA Carazinho 7413 DC CP,150.0,1026SU - produto sujo ,Carazinho,Paulínia,3439,750.0,0.2,84.966,12744.9,5300108209.0,80776963.0,4100674915.0,2278362.0,PC003,33060.0,BRAVO,14.08.2025,22.08.2025
5836522,APROACH PREMIUM BTL 10L BR,24K6216312,L,2027-11-05 00:00:00,5210,3433,LEM 7413 DC CP,30.0,1089EA - Embalagem Avariada,Luis Eduardo Magalhães,Paulínia,3439,750.0,0.04,68.77,2063.1,5300112552.0,80820201.0,4100716239.0,2316757.0,PL001,12463.0,BRAVO,17.09.2025,29.09.2025
5836522,APROACH PREMIUM BTL 10L BR,24E6216004,L,2027-05-09 00:00:00,5240,2875,CTVA Carazinho 7413 DC CP,60.0,1026SU - produto sujo ,Carazinho,Paulínia,3439,750.0,0.08,84.966,5097.96,5300111453.0,80807983.0,4100704820.0,2306639.0,PC004,33466.0,BRAVO,09.09.2025,16.09.2025
5836522,APROACH PREMIUM BTL 10L BR,24E6216005,L,2027-05-09 00:00:00,5240,2875,CTVA Carazinho 7413 DC CP,60.0,1026SU - produto sujo ,Carazinho,Paulínia,3439,750.0,0.08,84.966,5097.96,5300111453.0,80807983.0,4100704820.0,2306639.0,PC004,33466.0,BRAVO,09.09.2025,16.09.2025
5836522,APROACH PREMIUM BTL 10L BR,24G6216091,L,2027-07-24 00:00:00,5240,2875,CTVA Carazinho 7413 DC CP,20.0,1026SU - produto sujo ,Carazinho,Paulínia,3439,750.0,0.02666666666666667,84.966,1699.32,5300111453.0,80807983.0,4100704820.0,2306639.0,PC004,33466.0,BRAVO,09.09.2025,16.09.2025
5836522,APROACH PREMIUM BTL 10L BR,24G6216100,L,2027-07-31 00:00:00,5240,2875,CTVA Carazinho 7413 DC CP,1760.0,1026SU - produto sujo ,Carazinho,Paulínia,3439,750.0,2.3466666666666667,84.966,149540.16,5300111453.0,80807983.0,4100704820.0,2306639.0,PC004,33466.0,BRAVO,09.09.2025,16.09.2025
5836522,APROACH PREMIUM BTL 10L BR,24I6216146,L,2027-09-06 00:00:00,5240,2875,CTVA Carazinho 7413 DC CP,700.0,1026SU - produto sujo ,Carazinho,Paulínia,3439,750.0,0.9333333333333333,84.966,59476.2,5300111453.0,80807983.0,4100704820.0,2306639.0,PC004,33466.0,BRAVO,09.09.2025,16.09.2025
5836522,APROACH PREMIUM BTL 10L BR,24I6216176,L,2027-09-23 00:00:00,5240,2875,CTVA Carazinho 7413 DC CP,100.0,1026SU - produto sujo ,Carazinho,Paulínia,3439,750.0,0.13333333333333333,84.966,8496.599999999999,5300111453.0,80807983.0,4100704820.0,2306639.0,PC004,33466.0,BRAVO,09.09.2025,16.09.2025
5836522,APROACH PREMIUM BTL 10L BR,24J6216239,L,2027-10-23 00:00:00,5240,2875,CTVA Carazinho 7413 DC CP,70.0,1026SU - produto sujo ,Carazinho,Paulínia,3439,750.0,0.09333333333333334,84.966,5947.62,5300111453.0,80807983.0,4100704820.0,2306639.0,PC004,33466.0,BRAVO,09.09.2025,16.09.2025
5590537,CLASSIC 25DF 4X2KG BR,APR21PL007,KG,2025-04-01 00:00:00,5300,2875,CTVA Carazinho 7413 DC CP,216.0,1004PV - produto vencido,Carazinho,Paulínia,3439,352.0,0.6136363636363636,116.03,25062.48,5300112814.0,80820643.0,4100716817.0,2317362.0,PC005,33597.0,BRAVO,17.09.2025,25.09.2025
5009772,DERMACOR BTLCOX12X1L BRA,24F2887L55,L,2027-06-26 00:00:00,5210,2875,CTVA Carazinho 7413 DC CP,216.0,1001CD - caixa danificada,Carazinho,Paulínia,3439,384.0,0.5625,466.77,100822.31999999999,5300112814.0,80820643.0,4100716817.0,2317362.0,PC005,33597.0,BRAVO,17.09.2025,25.09.2025
5056652,DERMACOR BTLHPE4X5L BRA,C021N3C151,L,2026-03-11 00:00:00,5210,3433,LEM 7413 DC CP,200.0,1089EA - Embalagem Avariada,Luis Eduardo Magalhães,Paulínia,3439,800.0,0.225,458.66,91732.0,5300112552.0,80820201.0,4100716239.0,2316757.0,PL001,12463.0,BRAVO,17.09.2025,29.09.2025
5056652,DERMACOR BTLHPE4X5L BRA,24I2887N42,L,2027-09-16 00:00:00,5210,3433,LEM 7413 DC CP,60.0,1001CD - caixa danificada,Luis Eduardo Magalhães,Paulínia,3439,800.0,0.075,458.66,27519.600000000002,5300112552.0,80820201.0,4100716239.0,2316757.0,PL001,12463.0,BRAVO,17.09.2025,29.09.2025
5009773,DERMACOR SOY SM 4X5L BOX BR,C021M8T193,L,2025-06-09 00:00:00,5300,3433,LEM 7413 DC CP,40.0,1004PV - produto vencido,Luis Eduardo Magalhães,Paulínia,3439,600.0,0.06666666666666667,474.54,18981.600000000002,5300112552.0,80820201.0,4100716239.0,2316757.0,PL001,12463.0,BRAVO,17.09.2025,29.09.2025
5033024,DISPAROULTRA-S BTLHPE12X1L BRA,25F2887M15,L,2027-06-14 00:00:00,5210,3433,LEM 7413 DC CP,10.0,1001CD - caixa danificada,Luis Eduardo Magalhães,Paulínia,3439,600.0,0.016666666666666666,26.83,268.29999999999995,5300112552.0,80820201.0,4100716239.0,2316757.0,PL001,12463.0,BRAVO,17.09.2025,29.09.2025
5033024,DISPAROULTRA-S BTLHPE12X1L BRA,25G2887P78,L,2027-07-29 00:00:00,5210,3433,LEM 7413 DC CP,12.0,1001CD - caixa danificada,Luis Eduardo Magalhães,Paulínia,3439,600.0,0.02,26.83,321.96,5300112552.0,80820201.0,4100716239.0,2316757.0,PL001,12463.0,BRAVO,17.09.2025,29.09.2025
5825309,EMPIRIC BTLHPE20L BRA,C021N56191,L,2025-09-05 00:00:00,5300,2875,CTVA Carazinho 7413 DC CP,2820.0,1004PV - produto vencido,Carazinho,Paulínia,3439,900.0,3.1333333333333333,28.94,81610.8,5300111461.0,80807986.0,4100704821.0,2306639.0,PC004,33461.0,BRAVO,09.09.2025,16.09.2025
5825309,EMPIRIC BTLHPE20L BRA,C021N59191,L,2025-08-31 00:00:00,5300,2875,CTVA Carazinho 7413 DC CP,5680.0,1004PV - produto vencido,Carazinho,Paulínia,3439,900.0,6.311111111111111,28.94,164379.2,5300111461.0,80807986.0,4100704821.0,2306639.0,PC004,33461.0,BRAVO,09.09.2025,16.09.2025
5031356,ENLISTCOLEX-D BTLHPE20L BRA,C021N84193,L,2027-01-13 00:00:00,5210,2875,CTVA Carazinho 7413 DC CP,380.0,1026SU - produto sujo ,Carazinho,Paulínia,3439,900.0,0.4222222222222222,31.924,12131.119999999999,5300106280.0,80761194.0,4100660421.0,2278362.0,PC002,32872.0,BRAVO,29.07.2025,06.08.2025
5031356,ENLISTCOLEX-D BTLHPE20L BRA,C021MB4194,L,2026-07-17 00:00:00,5240,2875,CTVA Carazinho 7413 DC CP,6520.0,1026SU - produto sujo,Carazinho,Paulínia,3439,900.0,7.2444444444444445,31.924,208144.48,5300106280.0,80761194.0,4100660421.0,2278362.0,PC002,32872.0,BRAVO,29.07.2025,06.08.2025
5031356,ENLISTCOLEX-D BTLHPE20L BRA,C021MBH192,L,2026-07-13 00:00:00,5240,2875,CTVA Carazinho 7413 DC CP,1700.0,1026SU - produto sujo ,Carazinho,Paulínia,3439,900.0,1.8888888888888888,31.924,54270.799999999996,5300106280.0,80761194.0,4100660421.0,2278362.0,PC002,32872.0,BRAVO,29.07.2025,06.08.2025
5031356,ENLISTCOLEX-D BTLHPE20L BRA,C021N5C191,L,2026-07-15 00:00:00,5240,2875,CTVA Carazinho 7413 DC CP,280.0,1026SU - produto sujo ,Carazinho,Paulínia,3439,900.0,0.3111111111111111,31.924,8938.72,5300106280.0,80761194.0,4100660421.0,2278362.0,PC002,32872.0,BRAVO,29.07.2025,06.08.2025
5031356,ENLISTCOLEX-D BTLHPE20L BRA,C021N7H191,L,2026-03-12 00:00:00,5240,2875,CTVA Carazinho 7413 DC CP,2140.0,1026SU - produto sujo ,Carazinho,Paulínia,3439,900.0,2.3777777777777778,31.924,68317.36,5300106280.0,80761194.0,4100660421.0,2278362.0,PC002,32872.0,BRAVO,29.07.2025,06.08.2025
5031356,ENLISTCOLEX-D BTLHPE20L BRA,C021N7K199,L,2026-03-13 00:00:00,5240,2875,CTVA Carazinho 7413 DC CP,200.0,1026SU - produto sujo ,Carazinho,Paulínia,3439,900.0,0.2222222222222222,31.924,6384.8,5300106280.0,80761194.0,4100660421.0,2278362.0,PC002,32872.0,BRAVO,29.07.2025,06.08.2025
5031356,ENLISTCOLEX-D BTLHPE20L BRA,C021N7O191,L,2026-03-13 00:00:00,5240,2875,CTVA Carazinho 7413 DC CP,60.0,1026SU - produto sujo ,Carazinho,Paulínia,3439,900.0,0.06666666666666667,31.924,1915.44,5300106280.0,80761194.0,4100660421.0,2278362.0,PC002,32872.0,BRAVO,29.07.2025,06.08.2025
5031356,ENLISTCOLEX-D BTLHPE20L BRA,C021N7S192,L,2026-03-14 00:00:00,5240,2875,CTVA Carazinho 7413 DC CP,1100.0,1026SU - produto sujo ,Carazinho,Paulínia,3439,900.0,1.2222222222222223,31.924,35116.4,5300106280.0,80761194.0,4100660421.0,2278362.0,PC002,32872.0,BRAVO,29.07.2025,06.08.2025
5031356,ENLISTCOLEX-D BTLHPE20L BRA,C021N81192,L,2026-03-14 00:00:00,5240,2875,CTVA Carazinho 7413 DC CP,4660.0,1026SU - produto sujo ,Carazinho,Paulínia,3439,900.0,5.177777777777778,31.924,148765.84,5300106280.0,80761199.0,4100660422.0,2278362.0,PC002,32871.0,BRAVO,29.07.2025,06.08.2025
5031356,ENLISTCOLEX-D BTLHPE20L BRA,C021N84193,L,2027-01-13 00:00:00,5240,2875,CTVA Carazinho 7413 DC CP,20.0,1026SU - produto sujo ,Carazinho,Paulínia,3439,900.0,0.022222222222222223,31.924,638.48,5300106280.0,80761199.0,4100660422.0,2278362.0,PC002,32871.0,BRAVO,29.07.2025,06.08.2025
5031356,ENLISTCOLEX-D BTLHPE20L BRA,C021MBA191,L,2025-07-15 00:00:00,5300,2875,CTVA Carazinho 7413 DC CP,80.0,1004PV - produto vencido,Carazinho,Paulínia,3439,900.0,0.08888888888888889,31.924,2553.92,5300106280.0,80761199.0,4100660422.0,2278362.0,PC002,32871.0,BRAVO,29.07.2025,06.08.2025
5031356,ENLISTCOLEX-D BTLHPE20L BRA,C064M4ISLO,L,2025-04-17 00:00:00,5300,2875,CTVA Carazinho 7413 DC CP,240.0,1004PV - produto vencido,Carazinho,Paulínia,3439,900.0,0.26666666666666666,31.924,7661.76,5300106280.0,80761199.0,4100660422.0,2278362.0,PC002,32871.0,BRAVO,29.07.2025,06.08.2025
5031356,ENLISTCOLEX-D BTLHPE20L BRA,C064M4JSLP,L,2025-04-18 00:00:00,5300,2875,CTVA Carazinho 7413 DC CP,1000.0,1004PV - produto vencido,Carazinho,Paulínia,3439,900.0,1.1111111111111112,31.924,31924.0,5300106280.0,80761199.0,4100660422.0,2278362.0,PC002,32871.0,BRAVO,29.07.2025,06.08.2025
5031356,ENLISTCOLEX-D BTLHPE20L BRA,C064M4KSLQ,L,2025-04-19 00:00:00,5300,2875,CTVA Carazinho 7413 DC CP,220.0,1004PV - produto vencido,Carazinho,Paulínia,3439,900.0,0.24444444444444444,31.924,7023.28,5300106280.0,80761199.0,4100660422.0,2278362.0,PC002,32871.0,BRAVO,29.07.2025,06.08.2025
5031356,ENLISTCOLEX-D BTLHPE20L BRA,C064M74SLS,L,2025-07-03 00:00:00,5300,2875,CTVA Carazinho 7413 DC CP,1520.0,1004PV - produto vencido,Carazinho,Paulínia,3439,900.0,1.6888888888888889,31.924,48524.479999999996,5300106280.0,80761199.0,4100660422.0,2278362.0,PC002,32871.0,BRAVO,29.07.2025,06.08.2025
5031356,ENLISTCOLEX-D BTLHPE20L BRA,C064M75SLT,L,2025-07-04 00:00:00,5300,2875,CTVA Carazinho 7413 DC CP,10040.0,1004PV - produto vencido,Carazinho,Paulínia,3439,900.0,11.155555555555555,31.924,320516.96,5300106280.0,80761200.0,4100660423.0,2278362.0,PC002,32868.0,BRAVO,29.07.2025,06.08.2025
5031356,ENLISTCOLEX-D BTLHPE20L BRA,C064M76SLU,L,2025-07-05 00:00:00,5300,2875,CTVA Carazinho 7413 DC CP,400.0,1004PV - produto vencido,Carazinho,Paulínia,3439,900.0,0.4444444444444444,31.924,12769.6,5300106280.0,80761200.0,4100660423.0,2278362.0,PC002,32868.0,BRAVO,29.07.2025,06.08.2025
5031356,ENLISTCOLEX-D BTLHPE20L BRA,C064M77SLV,L,2025-07-06 00:00:00,5300,2875,CTVA Carazinho 7413 DC CP,20.0,1004PV - produto vencido,Carazinho,Paulínia,3439,900.0,0.022222222222222223,31.924,638.48,5300106280.0,80761200.0,4100660423.0,2278362.0,PC002,32868.0,BRAVO,29.07.2025,06.08.2025
5031356,ENLISTCOLEX-D BTLHPE20L BRA,C064M78SLW,L,2025-07-07 00:00:00,5300,2875,CTVA Carazinho 7413 DC CP,6240.0,1004PV - produto vencido,Carazinho,Paulínia,3439,900.0,6.933333333333334,31.924,199205.76,5300106280.0,80761202.0,4100660424.0,2278362.0,PC002,32873.0,BRAVO,29.07.2025,06.08.2025
5031356,ENLISTCOLEX-D BTLHPE20L BRA,C064M79SLX,L,2025-07-08 00:00:00,5300,2875,CTVA Carazinho 7413 DC CP,5600.0,1004PV - produto vencido,Carazinho,Paulínia,3439,900.0,6.222222222222222,31.924,178774.4,5300106280.0,80761202.0,4100660424.0,2278362.0,PC002,32873.0,BRAVO,29.07.2025,06.08.2025
5031356,ENLISTCOLEX-D BTLHPE20L BRA,C021MBC192,L,2026-07-14 00:00:00,5210,2875,CTVA Carazinho 7413 DC CP,1120.0,1001CD - caixa danificada,Carazinho,Paulínia,3439,900.0,1.2444444444444445,31.924,35754.88,5300111461.0,80807992.0,4100704823.0,2306639.0,PC004,33463.0,BRAVO,09.09.2025,16.09.2025
5031356,ENLISTCOLEX-D BTLHPE20L BRA,C021N87191,L,2026-03-13 00:00:00,5240,2875,CTVA Carazinho 7413 DC CP,100.0,1026SU - produto sujo ,Carazinho,Paulínia,3439,900.0,0.1111111111111111,31.924,3192.4,5300111461.0,80807992.0,4100704823.0,2306639.0,PC004,33463.0,BRAVO,09.09.2025,16.09.2025
5031950,EXALT BTLHPE12X1L BRA NEW,C021N8A152,L,2026-08-09 00:00:00,5210,2875,CTVA Carazinho 7413 DC CP,12.0,1001CD - caixa danificada,Carazinho,Paulínia,3439,600.0,0.02,244.94,2939.2799999999997,5300111453.0,80807980.0,4100704819.0,2306639.0,PC004,33465.0,BRAVO,09.09.2025,16.09.2025
5031950,EXALT BTLHPE12X1L BRA NEW,C021M5G157,L,2025-05-14 00:00:00,5300,2875,CTVA Carazinho 7413 DC CP,12.0,1004PV - produto vencido,Carazinho,Paulínia,3439,600.0,0.02,244.94,2939.2799999999997,5300111453.0,80807980.0,4100704819.0,2306639.0,PC004,33465.0,BRAVO,09.09.2025,16.09.2025
5031950,EXALT BTLHPE12X1L BRA NEW,C021N85160,L,2026-08-04 00:00:00,5210,3433,LEM 7413 DC CP,12.0,1089EA - Embalagem Avariada,Luis Eduardo Magalhães,Paulínia,3439,600.0,0.02,244.94,2939.2799999999997,5300112552.0,80820201.0,4100716239.0,2316757.0,PL001,12463.0,BRAVO,17.09.2025,29.09.2025
5050347,EXALT BTLHPE4X5L BRA NEW,24H2887L46,L,2027-08-11 00:00:00,5210,3433,LEM 7413 DC CP,60.0,1089EA - Embalagem Avariada,Luis Eduardo Magalhães,Paulínia,3439,800.0,0.075,229.56,13773.6,5300112552.0,80820201.0,4100716239.0,2316757.0,PL001,12463.0,BRAVO,17.09.2025,29.09.2025
5050347,EXALT BTLHPE4X5L BRA NEW,24K2887N39,L,2027-11-23 00:00:00,5210,3433,LEM 7413 DC CP,20.0,1089EA - Embalagem Avariada,Luis Eduardo Magalhães,Paulínia,3439,800.0,0.025,229.56,4591.2,5300112552.0,80820201.0,4100716239.0,2316757.0,PL001,12463.0,BRAVO,17.09.2025,29.09.2025
5050347,EXALT BTLHPE4X5L BRA NEW,24K2887N82,L,2027-11-25 00:00:00,5210,3433,LEM 7413 DC CP,20.0,1089EA - Embalagem Avariada,Luis Eduardo Magalhães,Paulínia,3439,800.0,0.025,229.56,4591.2,5300112552.0,80820201.0,4100716239.0,2316757.0,PL001,12463.0,BRAVO,17.09.2025,29.09.2025
5050347,EXALT BTLHPE4X5L BRA NEW,25H2887L67,L,2028-08-06 00:00:00,5210,3433,LEM 7413 DC CP,40.0,1001CD - caixa danificada,Luis Eduardo Magalhães,Paulínia,3439,800.0,0.05,229.56,9182.4,5300112552.0,80820201.0,4100716239.0,2316757.0,PL001,12463.0,BRAVO,17.09.2025,29.09.2025
5050347,EXALT BTLHPE4X5L BRA NEW,C021N9R152,L,2026-09-26 00:00:00,5210,3433,LEM 7413 DC CP,20.0,1001CD - caixa danificada,Luis Eduardo Magalhães,Paulínia,3439,800.0,0.025,229.56,4591.2,5300112552.0,80820201.0,4100716239.0,2316757.0,PL001,12463.0,BRAVO,17.09.2025,29.09.2025
5050347,EXALT BTLHPE4X5L BRA NEW,25H2887M41,L,2028-08-10 00:00:00,5210,3433,LEM 7413 DC CP,40.0,1001CD - caixa danificada,Luis Eduardo Magalhães,Paulínia,3439,800.0,0.05,,0.0,5300112552.0,80820201.0,4100716239.0,2316757.0,PL001,12463.0,BRAVO,17.09.2025,29.09.2025
5027459,EXPEDITION BTLCOX10L BRA,24E2887L02,L,2027-05-18 00:00:00,5240,2875,CTVA Carazinho 7413 DC CP,250.0,1026SU - produto sujo ,Carazinho,Paulínia,3439,750.0,0.3333333333333333,89.522,22380.5,5300108216.0,80776915.0,4100674879.0,2278362.0,PC003,33061.0,BRAVO,14.08.2025,22.08.2025
5027459,EXPEDITION BTLCOX10L BRA,24G2887N14,L,2027-07-26 00:00:00,5240,2875,CTVA Carazinho 7413 DC CP,3420.0,1026SU - produto sujo ,Carazinho,Paulínia,3439,750.0,4.56,98.91,338272.2,5300108216.0,80777013.0,4100674698.0,2278362.0,PC003,33064.0,BRAVO,14.08.2025,22.08.2025
5027459,EXPEDITION BTLCOX10L BRA,24E2887K79,L,2027-05-17 00:00:00,5240,2875,CTVA Carazinho 7413 DC CP,310.0,1026SU - produto sujo ,Carazinho,Paulínia,3439,750.0,0.41333333333333333,98.91,30662.1,5300112814.0,80820643.0,4100716817.0,2317362.0,PC005,33597.0,BRAVO,17.09.2025,25.09.2025
5013466,EXPEDITION BTLCOX4X5L BRA,24F2887L13,L,2027-06-21 00:00:00,5210,2875,CTVA Carazinho 7413 DC CP,300.0,1001CD - caixa danificada,Carazinho,Paulínia,3439,800.0,0.375,96.67,29001.0,5300108216.0,80777015.0,4100674699.0,2278362.0,PC003,33065.0,BRAVO,14.08.2025,22.08.2025
5013466,EXPEDITION BTLCOX4X5L BRA,24H2887O24,L,2027-08-28 00:00:00,5210,2875,CTVA Carazinho 7413 DC CP,220.0,1001CD - caixa danificada,Carazinho,Paulínia,3439,800.0,0.275,96.67,21267.4,5300108216.0,80777015.0,4100674699.0,2278362.0,PC003,33065.0,BRAVO,14.08.2025,22.08.2025
5013466,EXPEDITION BTLCOX4X5L BRA,24I2887N94,L,2027-09-20 00:00:00,5210,2875,CTVA Carazinho 7413 DC CP,120.0,1001CD - caixa danificada,Carazinho,Paulínia,3439,800.0,0.15,96.67,11600.4,5300108216.0,80777015.0,4100674699.0,2278362.0,PC003,33065.0,BRAVO,14.08.2025,22.08.2025
5013466,EXPEDITION BTLCOX4X5L BRA,24K2887M80,L,2027-11-18 00:00:00,5210,2875,CTVA Carazinho 7413 DC CP,80.0,1001CD - caixa danificada,Carazinho,Paulínia,3439,800.0,0.1,96.67,7733.6,5300108216.0,80777015.0,4100674699.0,2278362.0,PC003,33065.0,BRAVO,14.08.2025,22.08.2025
5013466,EXPEDITION BTLCOX4X5L BRA,C021N1H153,L,2026-01-16 00:00:00,5210,2875,CTVA Carazinho 7413 DC CP,40.0,1001CD - caixa danificada,Carazinho,Paulínia,3439,800.0,0.05,96.67,3866.8,5300108216.0,80777015.0,4100674699.0,2278362.0,PC003,33065.0,BRAVO,14.08.2025,22.08.2025
5013466,EXPEDITION BTLCOX4X5L BRA,C021N2D167,L,2026-02-13 00:00:00,5210,2875,CTVA Carazinho 7413 DC CP,20.0,1001CD - caixa danificada,Carazinho,Paulínia,3439,800.0,0.025,96.67,1933.4,5300108216.0,80777015.0,4100674699.0,2278362.0,PC003,33065.0,BRAVO,14.08.2025,22.08.2025
5013466,EXPEDITION BTLCOX4X5L BRA,C021N44162,L,2026-04-03 00:00:00,5210,2875,CTVA Carazinho 7413 DC CP,20.0,1001CD - caixa danificada,Carazinho,Paulínia,3439,800.0,0.025,96.67,1933.4,5300108216.0,80777015.0,4100674699.0,2278362.0,PC003,33065.0,BRAVO,14.08.2025,22.08.2025
5013466,EXPEDITION BTLCOX4X5L BRA,C021M4O167,L,2025-04-23 00:00:00,5300,2875,CTVA Carazinho 7413 DC CP,240.0,1004PV - produto vencido,Carazinho,Paulínia,3439,800.0,0.3,96.67,23200.8,5300108216.0,80777015.0,4100674699.0,2278362.0,PC003,33065.0,BRAVO,14.08.2025,22.08.2025
5013466,EXPEDITION BTLCOX4X5L BRA,C021M4O173,L,2025-04-23 00:00:00,5300,2875,CTVA Carazinho 7413 DC CP,180.0,1004PV - produto vencido,Carazinho,Paulínia,3439,800.0,0.225,96.67,17400.6,5300108216.0,80777015.0,4100674699.0,2278362.0,PC003,33065.0,BRAVO,14.08.2025,22.08.2025
5013466,EXPEDITION BTLCOX4X5L BRA,C021M5T156,L,2025-05-28 00:00:00,5300,2875,CTVA Carazinho 7413 DC CP,1980.0,1046MT - produto c/ menos de 30 dias vencimento,Carazinho,Paulínia,3439,800.0,2.475,96.67,191406.6,5300108216.0,80777015.0,4100674699.0,2278362.0,PC003,33065.0,BRAVO,14.08.2025,22.08.2025
5013466,EXPEDITION BTLCOX4X5L BRA,C021N1E162,L,2026-01-13 00:00:00,5210,3433,LEM 7413 DC CP,660.0,1089EA - Embalagem Avariada,Luis Eduardo Magalhães,Paulínia,3439,800.0,0.825,96.67,63802.200000000004,5300112552.0,80820207.0,4100716240.0,2316757.0,PL001,12464.0,BRAVO,17.09.2025,29.09.2025
5013466,EXPEDITION BTLCOX4X5L BRA,24H2887O16,L,2027-08-27 00:00:00,5210,2875,CTVA Carazinho 7413 DC CP,100.0,1001CD - caixa danificada,Carazinho,Paulínia,3439,800.0,0.125,96.67,9667.0,5300112814.0,80820643.0,4100716817.0,2317362.0,PC005,33597.0,BRAVO,17.09.2025,25.09.2025
5013466,EXPEDITION BTLCOX4X5L BRA,C021N1E156,L,2026-01-13 00:00:00,5210,3433,LEM 7413 DC CP,200.0,1001CD - caixa danificada,Luis Eduardo Magalhães,Paulínia,3439,800.0,0.25,96.67,19334.0,5300112552.0,80820207.0,4100716240.0,2316757.0,PL001,12464.0,BRAVO,17.09.2025,29.09.2025
5013466,EXPEDITION BTLCOX4X5L BRA,C021M9O155,L,2025-09-23 00:00:00,5300,3433,LEM 7413 DC CP,640.0,1004PV - produto vencido,Luis Eduardo Magalhães,Paulínia,3439,800.0,0.8,96.67,61868.8,5300112552.0,80820207.0,4100716240.0,2316757.0,PL001,12464.0,BRAVO,17.09.2025,29.09.2025
5013466,EXPEDITION BTLCOX4X5L BRA,C021M9O166,L,2025-09-23 00:00:00,5300,3433,LEM 7413 DC CP,360.0,1004PV - produto vencido,Luis Eduardo Magalhães,Paulínia,3439,800.0,0.45,96.67,34801.2,5300112552.0,80820207.0,4100716240.0,2316757.0,PL001,12464.0,BRAVO,17.09.2025,29.09.2025
5013466,EXPEDITION BTLCOX4X5L BRA,25A2887K69,L,2028-01-14 00:00:00,5210,2875,CTVA Carazinho 7413 DC CP,40.0,1001CD - caixa danificada,Carazinho,Paulínia,3439,800.0,0.05,70.35,2814.0,5300112814.0,80820643.0,4100716817.0,2317362.0,PC005,33597.0,BRAVO,17.09.2025,25.09.2025
5013466,EXPEDITION BTLCOX4X5L BRA,25A2887K71,L,2028-01-14 00:00:00,5210,2875,CTVA Carazinho 7413 DC CP,20.0,1001CD - caixa danificada,Carazinho,Paulínia,3439,800.0,0.025,70.35,1407.0,5300112814.0,80820643.0,4100716817.0,2317362.0,PC005,33597.0,BRAVO,17.09.2025,25.09.2025
5006873,INTREPID EDGE BTLHPE12X1L BRA,C021N73153,L,2026-07-02 00:00:00,5210,2875,CTVA Carazinho 7413 DC CP,48.0,1001CD - caixa danificada,Carazinho,Paulínia,3439,600.0,0.08,244.77,11748.960000000001,5300111453.0,80807980.0,4100704819.0,2306639.0,PC004,33465.0,BRAVO,09.09.2025,16.09.2025
5006873,INTREPID EDGE BTLHPE12X1L BRA,C021L8G192,L,2024-08-15 00:00:00,5300,2875,CTVA Carazinho 7413 DC CP,24.0,1004PV - produto vencido,Carazinho,Paulínia,3439,600.0,0.04,244.77,5874.4800000000005,5300111453.0,80807980.0,4100704819.0,2306639.0,PC004,33465.0,BRAVO,09.09.2025,16.09.2025
5046153,INTREPID EDGE BTLHPE4X5L BRA,24F2887K43,L,2027-06-11 00:00:00,5210,2875,CTVA Carazinho 7413 DC CP,80.0,1001CD - caixa danificada,Carazinho,Paulínia,3439,800.0,0.1,195.88,15670.4,5300111453.0,80807980.0,4100704819.0,2306639.0,PC004,33465.0,BRAVO,09.09.2025,16.09.2025
5046153,INTREPID EDGE BTLHPE4X5L BRA,C021N8S158,L,2026-08-27 00:00:00,5210,3433,LEM 7413 DC CP,80.0,1073BV - Bom venda/devolução,Luis Eduardo Magalhães,Paulínia,3439,800.0,0.1,195.88,15670.4,5300112552.0,80820207.0,4100716240.0,2316757.0,PL001,12464.0,BRAVO,17.09.2025,29.09.2025
5046153,INTREPID EDGE BTLHPE4X5L BRA,C021N8T158,L,2026-08-28 00:00:00,5210,3433,LEM 7413 DC CP,180.0,1089EA - Embalagem Avariada,Luis Eduardo Magalhães,Paulínia,3439,800.0,0.2,195.88,35258.4,5300112552.0,80820207.0,4100716240.0,2316757.0,PL001,12464.0,BRAVO,17.09.2025,29.09.2025
5046153,INTREPID EDGE BTLHPE4X5L BRA,24F2887K43,L,2027-06-11 00:00:00,5210,3433,LEM 7413 DC CP,40.0,1001CD - caixa danificada,Luis Eduardo Magalhães,Paulínia,3439,800.0,0.05,195.88,7835.2,5300112552.0,80820207.0,4100716240.0,2316757.0,PL001,12464.0,BRAVO,17.09.2025,29.09.2025
5046153,INTREPID EDGE BTLHPE4X5L BRA,24K2887L78,L,2027-11-10 00:00:00,5210,3433,LEM 7413 DC CP,60.0,1001CD - caixa danificada,Luis Eduardo Magalhães,Paulínia,3439,800.0,0.075,195.88,11752.8,5300112552.0,80820207.0,4100716240.0,2316757.0,PL001,12464.0,BRAVO,17.09.2025,29.09.2025
5046153,INTREPID EDGE BTLHPE4X5L BRA,24K2887O43,L,2027-11-30 00:00:00,5210,3433,LEM 7413 DC CP,20.0,1001CD - caixa danificada,Luis Eduardo Magalhães,Paulínia,3439,800.0,0.025,195.88,3917.6,5300112552.0,80820207.0,4100716240.0,2316757.0,PL001,12464.0,BRAVO,17.09.2025,29.09.2025
5019964,INTREPID240SC BTLHPE12X1L BRA,C021M6H165,L,2025-06-16 00:00:00,5300,2875,CTVA Carazinho 7413 DC CP,24.0,1004PV - produto vencido,Carazinho,Paulínia,3439,600.0,0.04,56.54,1356.96,5300111453.0,80807980.0,4100704819.0,2306639.0,PC004,33465.0,BRAVO,09.09.2025,16.09.2025
5019964,INTREPID240SC BTLHPE12X1L BRA,C021KAB156,L,2025-10-13 00:00:00,5300,2875,CTVA Carazinho 7413 DC CP,12.0,1004PV - produto vencido,Carazinho,Paulínia,3439,600.0,0.02,70.35,844.1999999999999,5300112814.0,80820643.0,4100716817.0,2317362.0,PC005,33597.0,BRAVO,17.09.2025,25.09.2025
5022558,INTREPID240SC BTLHPE20L BRA,C021N9K160,L,2026-09-19 00:00:00,5240,2875,CTVA Carazinho 7413 DC CP,340.0,1026SU - produto sujo ,Carazinho,Paulínia,3439,900.0,0.37777777777777777,70.82,24078.8,5300112814.0,80820643.0,4100716817.0,2317362.0,PC005,33597.0,BRAVO,17.09.2025,25.09.2025
5022558,INTREPID240SC BTLHPE20L BRA,C021M7H173,L,2025-07-16 00:00:00,5300,2875,CTVA Carazinho 7413 DC CP,20.0,1004PV - produto vencido,Carazinho,Paulínia,3439,900.0,0.022222222222222223,70.82,1416.3999999999999,5300112814.0,80820643.0,4100716817.0,2317362.0,PC005,33597.0,BRAVO,17.09.2025,25.09.2025
5022558,INTREPID240SC BTLHPE20L BRA,C021M85165,L,2025-08-05 00:00:00,5300,2875,CTVA Carazinho 7413 DC CP,120.0,1004PV - produto vencido,Carazinho,Paulínia,3439,900.0,0.13333333333333333,70.82,8498.4,5300112814.0,80820643.0,4100716817.0,2317362.0,PC005,33597.0,BRAVO,17.09.2025,25.09.2025
5021043,INTREPID240SC CANHPE4X5L BRA,24J2887N10,L,2027-10-27 00:00:00,5210,3433,LEM 7413 DC CP,160.0,1089EA - Embalagem Avariada,Luis Eduardo Magalhães,Paulínia,3439,800.0,0.2,69.15,11064.0,5300112552.0,80820207.0,4100716240.0,2316757.0,PL001,12464.0,BRAVO,17.09.2025,29.09.2025
5021043,INTREPID240SC CANHPE4X5L BRA,C021N4N151,L,2026-04-22 00:00:00,5210,3433,LEM 7413 DC CP,60.0,1001CD - caixa danificada,Luis Eduardo Magalhães,Paulínia,3439,800.0,0.075,69.15,4149.0,5300112552.0,80820207.0,4100716240.0,2316757.0,PL001,12464.0,BRAVO,17.09.2025,29.09.2025
5021043,INTREPID240SC CANHPE4X5L BRA,C021N14156,L,2026-01-03 00:00:00,5210,3433,LEM 7413 DC CP,40.0,1001CD - caixa danificada,Luis Eduardo Magalhães,Paulínia,3439,800.0,0.05,69.15,2766.0,5300112552.0,80820207.0,4100716240.0,2316757.0,PL001,12464.0,BRAVO,17.09.2025,29.09.2025
5051276,JAGUARULTRA-S BTLHPE12X1L BRA,25D2887M94,L,2028-04-29 00:00:00,5210,3433,LEM 7413 DC CP,36.0,1001CD - caixa danificada,Luis Eduardo Magalhães,Paulínia,3439,600.0,0.06,,0.0,5300112557.0,80820212.0,4100716241.0,2316757.0,PL001,12458.0,BRAVO,17.09.2025,29.09.2025
"5737454,JOINTULTRA BTLCOX20L BRA,0326S24231,L,2028-03-26 00:00:00,5210,3433,LEM 7413 DC CP,20.0,1008VT - vazamento pela tampa	,Luis Eduardo Magalhães,Paulínia,3439,900.0,0.022222222222222223,11.45,229.0,5300112557.0,80820212.0,4100716241.0,2316757.0,PL001,12458.0,BRAVO,17.09.2025,29.09.2025"
5730089,JOINTULTRA BTLCOX4X5L BRA,0430S24549,L,2028-04-30 00:00:00,5210,3433,LEM 7413 DC CP,100.0,1001CD - caixa danificada,Luis Eduardo Magalhães,Paulínia,3439,800.0,0.125,10.81,1081.0,5300112557.0,80820212.0,4100716241.0,2316757.0,PL001,12458.0,BRAVO,17.09.2025,29.09.2025
5591871,LANNATEBR BTLHPE10L BRA,C021N2G166,L,2025-02-15 00:00:00,5300,2875,CTVA Carazinho 7413 DC CP,130.0,1004PV - produto vencido,Carazinho,Paulínia,3439,750.0,0.17333333333333334,15.8,2054.0,5300108216.0,80777013.0,4100674698.0,2278362.0,PC003,33064.0,BRAVO,14.08.2025,22.08.2025
5591871,LANNATEBR BTLHPE10L BRA,24K4813947,L,2026-11-16 00:00:00,5210,2875,CTVA Carazinho 7413 DC CP,10.0,1001CD - caixa danificada,Carazinho,Paulínia,3439,750.0,0.013333333333333334,15.8,158.0,5300112814.0,80821992.0,4100717934.0,2319102.0,PC005,33635.0,BRAVO,19.09.2025,27.09.2025
5582630,LANNATEBR BTLHPE20L,25D2887K24,L,2027-04-03 00:00:00,5210,3433,LEM 7413 DC CP,20.0,1005RD - rótulo danificado,Luis Eduardo Magalhães,Paulínia,3439,900.0,0.022222222222222223,15.77,315.4,5300112557.0,80820212.0,4100716241.0,2316757.0,PL001,12458.0,BRAVO,17.09.2025,29.09.2025
5582630,LANNATEBR BTLHPE20L,24L4813957,L,2026-12-03 00:00:00,5240,3433,LEM 7413 DC CP,180.0,1026SU - produto sujo,Luis Eduardo Magalhães,Paulínia,3439,900.0,0.2,15.77,2838.6,5300112557.0,80820212.0,4100716241.0,2316757.0,PL001,12458.0,BRAVO,17.09.2025,29.09.2025
5582630,LANNATEBR BTLHPE20L,24L4813958,L,2026-12-03 00:00:00,5240,3433,LEM 7413 DC CP,400.0,1026SU - produto sujo ,Luis Eduardo Magalhães,Paulínia,3439,900.0,0.4444444444444444,15.77,6308.0,5300112557.0,80820212.0,4100716241.0,2316757.0,PL001,12458.0,BRAVO,17.09.2025,29.09.2025
5582630,LANNATEBR BTLHPE20L,24L4813962,L,2026-12-03 00:00:00,5240,3433,LEM 7413 DC CP,120.0,1026SU - produto sujo ,Luis Eduardo Magalhães,Paulínia,3439,900.0,0.13333333333333333,15.77,1892.3999999999999,5300112557.0,80820212.0,4100716241.0,2316757.0,PL001,12458.0,BRAVO,17.09.2025,29.09.2025
5838330,NAVIUS BTLHDPE 12X500G BR,25D3307002,KG,2028-04-06 00:00:00,5210,3433,LEM 7413 DC CP,6.0,1001CD - caixa danificada,Luis Eduardo Magalhães,Paulínia,3439,300.0,0.02,,0.0,5300112557.0,80820212.0,4100716241.0,2316757.0,PL001,12458.0,BRAVO,17.09.2025,29.09.2025
5838330,NAVIUS BTLHDPE 12X500G BR,25D3307010,KG,2028-04-14 00:00:00,5210,3433,LEM 7413 DC CP,6.0,1001CD - caixa danificada,Luis Eduardo Magalhães,Paulínia,3439,300.0,0.02,,0.0,5300112557.0,80820212.0,4100716241.0,2316757.0,PL001,12458.0,BRAVO,17.09.2025,29.09.2025
5918317,PACTO 12X480G BTLHPE BR,24G4812004,KG,2027-01-15 00:00:00,5210,2875,CTVA Carazinho 7413 DC CP,51.84,1001CD - caixa danificada,Carazinho,Paulínia,3439,230.4,0.225,365.52,18948.556800000002,5300112814.0,80821992.0,4100717934.0,2319102.0,PC005,33635.0,BRAVO,19.09.2025,27.09.2025
5918317,PACTO 12X480G BTLHPE BR,24H4812007,KG,2027-02-11 00:00:00,5210,3433,LEM 7413 DC CP,28.8,1001CD - caixa danificada,Luis Eduardo Magalhães,Paulínia,3439,230.4,0.125,365.52,10526.976,5300112557.0,80820217.0,4100716243.0,2316757.0,PL001,12462.0,BRAVO,17.09.2025,29.09.2025
5645807,PACTO BAGPE 10X240G BRA NEW,APR21EL004,KG,2023-04-11 00:00:00,5300,2875,CTVA Carazinho 7413 DC CP,84.0,1004PV - produto vencido,Carazinho,Paulínia,3439,231.0,0.36363636363636365,395.39,33212.76,5300112814.0,80822038.0,4100718066.0,2319102.0,PC005,33634.0,BRAVO,19.09.2025,27.09.2025
5645807,PACTO BAGPE 10X240G BRA NEW,L089M69003,KG,2025-03-07 00:00:00,5300,2875,CTVA Carazinho 7413 DC CP,31.2,1004PV - produto vencido,Carazinho,Paulínia,3439,231.0,0.13506493506493505,395.39,12336.168,5300112814.0,80821992.0,4100717934.0,2319102.0,PC005,33635.0,BRAVO,19.09.2025,27.09.2025
5645807,PACTO BAGPE 10X240G BRA NEW,MAY21EL010,KG,2023-05-04 00:00:00,5300,2875,CTVA Carazinho 7413 DC CP,45.6,1004PV - produto vencido,Carazinho,Paulínia,3439,231.0,0.1974025974025974,395.39,18029.784,5300112814.0,80822038.0,4100718066.0,2319102.0,PC005,33634.0,BRAVO,19.09.2025,27.09.2025
5696864,PACTO BAGPE 10X240G WMD BRA,L089M6R006,KG,2025-05-03 00:00:00,5300,2875,CTVA Carazinho 7413 DC CP,7.2,1004PV - produto vencido,Carazinho,Paulínia,3439,173.0,0.04161849710982659,226.33,1629.576,5300108209.0,80776964.0,4100674916.0,2278362.0,PC003,33062.0,BRAVO,14.08.2025,22.08.2025
5696864,PACTO BAGPE 10X240G WMD BRA,L089M8N008,KG,2025-04-26 00:00:00,5300,2875,CTVA Carazinho 7413 DC CP,2.4,1004PV - produto vencido,Carazinho,Paulínia,3439,173.0,0.013872832369942197,226.33,543.192,5300108209.0,80776964.0,4100674916.0,2278362.0,PC003,33062.0,BRAVO,14.08.2025,22.08.2025
5696864,PACTO BAGPE 10X240G WMD BRA,L089M8O009,KG,2025-05-05 00:00:00,5300,2875,CTVA Carazinho 7413 DC CP,410.88,1004PV - produto vencido,Carazinho,Paulínia,3439,173.0,2.375028901734104,226.33,92994.4704,5300108209.0,80776964.0,4100674916.0,2278362.0,PC003,33062.0,BRAVO,14.08.2025,22.08.2025
5696864,PACTO BAGPE 10X240G WMD BRA,L089M9E011,KG,2025-05-08 00:00:00,5300,2875,CTVA Carazinho 7413 DC CP,85.92,1004PV - produto vencido,Carazinho,Paulínia,3439,173.0,0.49664739884393067,226.33,19446.2736,5300108209.0,80776964.0,4100674916.0,2278362.0,PC003,33062.0,BRAVO,14.08.2025,22.08.2025
5696864,PACTO BAGPE 10X240G WMD BRA,L089MB1013,KG,2025-05-11 00:00:00,5300,2875,CTVA Carazinho 7413 DC CP,117.6,1004PV - produto vencido,Carazinho,Paulínia,3439,173.0,0.6797687861271676,226.33,26616.408,5300108209.0,80776964.0,4100674916.0,2278362.0,PC003,33062.0,BRAVO,14.08.2025,22.08.2025
5696864,PACTO BAGPE 10X240G WMD BRA,L089MBH023,KG,2025-08-08 00:00:00,5300,2875,CTVA Carazinho 7413 DC CP,237.6,1004PV - produto vencido,Carazinho,Paulínia,3439,173.0,1.3734104046242774,226.33,53776.008,5300108209.0,80776964.0,4100674916.0,2278362.0,PC003,33062.0,BRAVO,14.08.2025,22.08.2025
5830521,PACTO BAGPE10X480G WMD BRA,L089N6F002,KG,2026-04-18 00:00:00,5210,3433,LEM 7413 DC CP,4.8,1001CD - caixa danificada,Luis Eduardo Magalhães,Paulínia,3439,259.2,0.018518518518518517,387.83,1861.5839999999998,5300112557.0,80820217.0,4100716243.0,2316757.0,PL001,12462.0,BRAVO,17.09.2025,29.09.2025
5830521,PACTO BAGPE10X480G WMD BRA,L089N6L006,KG,2026-04-24 00:00:00,5210,3433,LEM 7413 DC CP,4.8,1001CD - caixa danificada,Luis Eduardo Magalhães,Paulínia,3439,259.2,0.018518518518518517,387.83,1861.5839999999998,5300112557.0,80820217.0,4100716243.0,2316757.0,PL001,12462.0,BRAVO,17.09.2025,29.09.2025
5830521,PACTO BAGPE10X480G WMD BRA,L089N8A020,KG,2026-04-27 00:00:00,5210,3433,LEM 7413 DC CP,4.8,1001CD - caixa danificada,Luis Eduardo Magalhães,Paulínia,3439,259.2,0.018518518518518517,387.83,1861.5839999999998,5300112557.0,80820217.0,4100716243.0,2316757.0,PL001,12462.0,BRAVO,17.09.2025,29.09.2025
5830521,PACTO BAGPE10X480G WMD BRA,L089N6K005,KG,2026-04-23 00:00:00,5210,3433,LEM 7413 DC CP,43.2,1001CD - caixa danificada,Luis Eduardo Magalhães,Paulínia,3439,259.2,0.16666666666666669,,0.0,5300112557.0,80820217.0,4100716243.0,2316757.0,PL001,12462.0,BRAVO,17.09.2025,29.09.2025
5830521,PACTO BAGPE10X480G WMD BRA,L089N87014,KG,2026-04-11 00:00:00,5210,3433,LEM 7413 DC CP,24.0,1001CD - caixa danificada,Luis Eduardo Magalhães,Paulínia,3439,259.2,0.0925925925925926,,0.0,5300112557.0,80820217.0,4100716243.0,2316757.0,PL001,12462.0,BRAVO,17.09.2025,29.09.2025
5651527,PAXEO BTLHPE12X220GR BRA,L089N8T040,KG,2027-04-01 00:00:00,5210,2875,CTVA Carazinho 7413 DC CP,7.92,1001CD - caixa danificada,Carazinho,Paulínia,3439,198.0,0.04,535.29,4239.4968,5300112814.0,80821992.0,4100717934.0,2319102.0,PC005,33635.0,BRAVO,19.09.2025,27.09.2025
5651527,PAXEO BTLHPE12X220GR BRA,L089N8L035,KG,2027-03-27 00:00:00,5210,2875,CTVA Carazinho 7413 DC CP,2.64,1001CD - caixa danificada,Carazinho,Paulínia,3439,198.0,0.013333333333333334,535.29,1413.1656,5300112814.0,80821992.0,4100717934.0,2319102.0,PC005,33635.0,BRAVO,19.09.2025,27.09.2025
5651527,PAXEO BTLHPE12X220GR BRA,L089N8O038,KG,2027-03-29 00:00:00,5210,2875,CTVA Carazinho 7413 DC CP,92.4,1001CD - caixa danificada,Carazinho,Paulínia,3439,198.0,0.4666666666666667,535.29,49460.796,5300112814.0,80821992.0,4100717934.0,2319102.0,PC005,33635.0,BRAVO,19.09.2025,27.09.2025
5651527,PAXEO BTLHPE12X220GR BRA,L089O1J003,KG,2027-03-26 00:00:00,5210,2875,CTVA Carazinho 7413 DC CP,39.6,1001CD - caixa danificada,Carazinho,Paulínia,3439,198.0,0.2,535.29,21197.484,5300112814.0,80821992.0,4100717934.0,2319102.0,PC005,33635.0,BRAVO,19.09.2025,27.09.2025
5651527,PAXEO BTLHPE12X220GR BRA,L089O1K004,KG,2027-03-30 00:00:00,5210,2875,CTVA Carazinho 7413 DC CP,7.92,1001CD - caixa danificada,Carazinho,Paulínia,3439,198.0,0.04,535.29,4239.4968,5300112814.0,80821992.0,4100717934.0,2319102.0,PC005,33635.0,BRAVO,19.09.2025,27.09.2025
5651527,PAXEO BTLHPE12X220GR BRA,L089N8L035,KG,2027-03-27 00:00:00,5210,3433,LEM 7413 DC CP,2.64,1001CD - caixa danificada,Luis Eduardo Magalhães,Paulínia,3439,198.0,0.013333333333333334,535.29,1413.1656,5300112557.0,80820217.0,4100716243.0,2316757.0,PL001,12462.0,BRAVO,17.09.2025,29.09.2025
5651559,PAXEO BTLHPE6X880GR BRA,24F4812001,KG,2028-03-05 00:00:00,5210,2875,CTVA Carazinho 7413 DC CP,5.28,1001CD - caixa danificada,Carazinho,Paulínia,3439,238.0,0.022184873949579832,513.97,2713.7616000000003,5300111453.0,80807973.0,4100704818.0,2306639.0,PC004,33464.0,BRAVO,09.09.2025,16.09.2025
5651559,PAXEO BTLHPE6X880GR BRA,L209N66054,KG,2027-04-17 00:00:00,5210,2875,CTVA Carazinho 7413 DC CP,5.28,1001CD - caixa danificada,Carazinho,Paulínia,3439,238.0,0.022184873949579832,513.97,2713.7616000000003,5300111453.0,80807973.0,4100704818.0,2306639.0,PC004,33464.0,BRAVO,09.09.2025,16.09.2025
5651559,PAXEO BTLHPE6X880GR BRA,L209N6L096,KG,2027-04-03 00:00:00,5210,2875,CTVA Carazinho 7413 DC CP,10.56,1001CD - caixa danificada,Carazinho,Paulínia,3439,238.0,0.044369747899159664,513.97,5427.5232000000005,5300111453.0,80807973.0,4100704818.0,2306639.0,PC004,33464.0,BRAVO,09.09.2025,16.09.2025
5651559,PAXEO BTLHPE6X880GR BRA,L209N6N105,KG,2027-04-03 00:00:00,5210,2875,CTVA Carazinho 7413 DC CP,58.08,1001CD - caixa danificada,Carazinho,Paulínia,3439,238.0,0.24403361344537813,513.97,29851.3776,5300111453.0,80807973.0,4100704818.0,2306639.0,PC004,33464.0,BRAVO,09.09.2025,16.09.2025
5651559,PAXEO BTLHPE6X880GR BRA,L209N6Q118,KG,2027-04-06 00:00:00,5210,2875,CTVA Carazinho 7413 DC CP,68.64,1001CD - caixa danificada,Carazinho,Paulínia,3439,238.0,0.2884033613445378,513.97,35278.9008,5300111453.0,80807973.0,4100704818.0,2306639.0,PC004,33464.0,BRAVO,09.09.2025,16.09.2025
5651559,PAXEO BTLHPE6X880GR BRA,L209N73155,KG,2027-04-18 00:00:00,5210,2875,CTVA Carazinho 7413 DC CP,10.56,1001CD - caixa danificada,Carazinho,Paulínia,3439,238.0,0.044369747899159664,513.97,5427.5232000000005,5300111453.0,80807973.0,4100704818.0,2306639.0,PC004,33464.0,BRAVO,09.09.2025,16.09.2025
5651559,PAXEO BTLHPE6X880GR BRA,L209N73156,KG,2027-04-18 00:00:00,5210,2875,CTVA Carazinho 7413 DC CP,10.56,1001CD - caixa danificada,Carazinho,Paulínia,3439,238.0,0.044369747899159664,513.97,5427.5232000000005,5300111453.0,80807973.0,4100704818.0,2306639.0,PC004,33464.0,BRAVO,09.09.2025,16.09.2025
5651559,PAXEO BTLHPE6X880GR BRA,L209N77174,KG,2027-04-18 00:00:00,5210,2875,CTVA Carazinho 7413 DC CP,15.84,1001CD - caixa danificada,Carazinho,Paulínia,3439,238.0,0.06655462184873949,513.97,8141.2848,5300111453.0,80807973.0,4100704818.0,2306639.0,PC004,33464.0,BRAVO,09.09.2025,16.09.2025
5651559,PAXEO BTLHPE6X880GR BRA,L209N81248,KG,2027-04-05 00:00:00,5210,2875,CTVA Carazinho 7413 DC CP,10.56,1001CD - caixa danificada,Carazinho,Paulínia,3439,238.0,0.044369747899159664,513.97,5427.5232000000005,5300111453.0,80807973.0,4100704818.0,2306639.0,PC004,33464.0,BRAVO,09.09.2025,16.09.2025
5651559,PAXEO BTLHPE6X880GR BRA,L209N84265,KG,2027-04-05 00:00:00,5210,2875,CTVA Carazinho 7413 DC CP,5.28,1001CD - caixa danificada,Carazinho,Paulínia,3439,238.0,0.022184873949579832,513.97,2713.7616000000003,5300111453.0,80807973.0,4100704818.0,2306639.0,PC004,33464.0,BRAVO,09.09.2025,16.09.2025
5651559,PAXEO BTLHPE6X880GR BRA,L209N84266,KG,2027-04-05 00:00:00,5210,2875,CTVA Carazinho 7413 DC CP,68.64,1001CD - caixa danificada,Carazinho,Paulínia,3439,238.0,0.2884033613445378,513.97,35278.9008,5300111453.0,80807973.0,4100704818.0,2306639.0,PC004,33464.0,BRAVO,09.09.2025,16.09.2025
5651559,PAXEO BTLHPE6X880GR BRA,L209N84271,KG,2027-04-05 00:00:00,5210,2875,CTVA Carazinho 7413 DC CP,10.56,1001CD - caixa danificada,Carazinho,Paulínia,3439,238.0,0.044369747899159664,513.97,5427.5232000000005,5300111453.0,80807973.0,4100704818.0,2306639.0,PC004,33464.0,BRAVO,09.09.2025,16.09.2025
5651559,PAXEO BTLHPE6X880GR BRA,L209N85273,KG,2027-04-05 00:00:00,5210,2875,CTVA Carazinho 7413 DC CP,10.56,1001CD - caixa danificada,Carazinho,Paulínia,3439,238.0,0.044369747899159664,513.97,5427.5232000000005,5300111453.0,80807973.0,4100704818.0,2306639.0,PC004,33464.0,BRAVO,09.09.2025,16.09.2025
5651559,PAXEO BTLHPE6X880GR BRA,L209N85276,KG,2027-04-05 00:00:00,5210,2875,CTVA Carazinho 7413 DC CP,5.28,1001CD - caixa danificada,Carazinho,Paulínia,3439,238.0,0.022184873949579832,513.97,2713.7616000000003,5300111453.0,80807973.0,4100704818.0,2306639.0,PC004,33464.0,BRAVO,09.09.2025,16.09.2025
5651559,PAXEO BTLHPE6X880GR BRA,L209N89287,KG,2027-04-09 00:00:00,5210,2875,CTVA Carazinho 7413 DC CP,10.56,1001CD - caixa danificada,Carazinho,Paulínia,3439,238.0,0.044369747899159664,513.97,5427.5232000000005,5300111453.0,80807973.0,4100704818.0,2306639.0,PC004,33464.0,BRAVO,09.09.2025,16.09.2025
5651559,PAXEO BTLHPE6X880GR BRA,L209N8C308,KG,2027-04-02 00:00:00,5210,2875,CTVA Carazinho 7413 DC CP,195.36,1001CD - caixa danificada,Carazinho,Paulínia,3439,238.0,0.8208403361344538,513.97,100409.17920000001,5300111453.0,80807973.0,4100704818.0,2306639.0,PC004,33464.0,BRAVO,09.09.2025,16.09.2025
5651559,PAXEO BTLHPE6X880GR BRA,L209N8C312,KG,2027-04-03 00:00:00,5210,2875,CTVA Carazinho 7413 DC CP,68.64,1001CD - caixa danificada,Carazinho,Paulínia,3439,238.0,0.2884033613445378,513.97,35278.9008,5300111453.0,80807973.0,4100704818.0,2306639.0,PC004,33464.0,BRAVO,09.09.2025,16.09.2025
5651559,PAXEO BTLHPE6X880GR BRA,24F4812002,KG,2028-03-05 00:00:00,5210,2875,CTVA Carazinho 7413 DC CP,21.12,1001CD - caixa danificada,Carazinho,Paulínia,3439,238.0,0.08873949579831933,513.97,10855.046400000001,5300111461.0,80807992.0,4100704823.0,2306639.0,PC004,33463.0,BRAVO,09.09.2025,16.09.2025
5651559,PAXEO BTLHPE6X880GR BRA,L089N3P009,KG,2027-02-07 00:00:00,5210,2875,CTVA Carazinho 7413 DC CP,21.12,1001CD - caixa danificada,Carazinho,Paulínia,3439,238.0,0.08873949579831933,513.97,10855.046400000001,5300111461.0,80807992.0,4100704823.0,2306639.0,PC004,33463.0,BRAVO,09.09.2025,16.09.2025
5651559,PAXEO BTLHPE6X880GR BRA,L209N78181,KG,2027-04-13 00:00:00,5210,2875,CTVA Carazinho 7413 DC CP,36.96,1001CD - caixa danificada,Carazinho,Paulínia,3439,238.0,0.15529411764705883,513.97,18996.3312,5300111461.0,80807992.0,4100704823.0,2306639.0,PC004,33463.0,BRAVO,09.09.2025,16.09.2025
5651559,PAXEO BTLHPE6X880GR BRA,L209N6M098,KG,2027-03-14 00:00:00,5210,3433,LEM 7413 DC CP,15.84,1001CD - caixa danificada,Luis Eduardo Magalhães,Paulínia,3439,238.0,0.06655462184873949,513.97,8141.2848,5300112557.0,80820217.0,4100716243.0,2316757.0,PL001,12462.0,BRAVO,17.09.2025,29.09.2025
5020172,RICER BTLHPE12X1L BRA,22F2217008,L,2025-06-21 00:00:00,5300,2875,CTVA Carazinho 7413 DC CP,24.0,1004PV - produto vencido,Carazinho,Paulínia,3439,600.0,0.04,245.68,5896.32,5300108216.0,80777013.0,4100674698.0,2278362.0,PC003,33064.0,BRAVO,14.08.2025,22.08.2025
5020172,RICER BTLHPE12X1L BRA,22F2217009,L,2025-06-22 00:00:00,5300,2875,CTVA Carazinho 7413 DC CP,372.0,1004PV - produto vencido,Carazinho,Paulínia,3439,600.0,0.62,245.68,91392.96,5300108216.0,80777013.0,4100674698.0,2278362.0,PC003,33064.0,BRAVO,14.08.2025,22.08.2025
5020172,RICER BTLHPE12X1L BRA,22F2217013,L,2025-06-29 00:00:00,5300,2875,CTVA Carazinho 7413 DC CP,564.0,1004PV - produto vencido,Carazinho,Paulínia,3439,600.0,0.94,245.68,138563.52,5300108216.0,80777013.0,4100674698.0,2278362.0,PC003,33064.0,BRAVO,14.08.2025,22.08.2025
"5918789,SPIDER 840WG 12X420G BTLHPE BR,25D4812001,KG,2028-01-23 00:00:00,5210,3433,LEM 7413 DC CP,10.08,1001CD - caixa danificada	,Luis Eduardo Magalhães,Paulínia,3439,202.0,0.024950495049504952,342.9,3456.432,5300112557.0,80820217.0,4100716243.0,2316757.0,PL001,12462.0,BRAVO,17.09.2025,29.09.2025"
5016566,TORDONULTRA-S BTLHPE12X1L BRA,24K2887N30,L,2027-11-22 00:00:00,5210,2875,CTVA Carazinho 7413 DC CP,12.0,1001CD - caixa danificada,Carazinho,Paulínia,3439,600.0,0.02,26.47,317.64,5300111453.0,80807980.0,4100704819.0,2306639.0,PC004,33465.0,BRAVO,09.09.2025,16.09.2025
5033026,TRICEA BTLFPE12X1L BRA New,C021M2M191,L,2024-12-19 00:00:00,5300,2875,CTVA Carazinho 7413 DC CP,24.0,1004PV - produto vencido,Carazinho,Paulínia,3439,600.0,0.04,110.36,2648.64,5300112814.0,80822038.0,4100718066.0,2319102.0,PC005,33634.0,BRAVO,19.09.2025,27.09.2025
5033026,TRICEA BTLFPE12X1L BRA New,C021M79191,L,2025-03-26 00:00:00,5300,2875,CTVA Carazinho 7413 DC CP,240.0,1004PV - produto vencido,Carazinho,Paulínia,3439,600.0,0.4,110.36,26486.4,5300112814.0,80822038.0,4100718066.0,2319102.0,PC005,33634.0,BRAVO,19.09.2025,27.09.2025
5043106,VERDICTMAX BTLCOX4X5L BRA,24J2887L16,L,2028-10-05 00:00:00,5210,3433,LEM 7413 DC CP,20.0,1089EA - Embalagem Avariada,Luis Eduardo Magalhães,Paulínia,3439,800.0,0.025,73.45,1469.0,5300112557.0,80820217.0,4100716243.0,2316757.0,PL001,12462.0,BRAVO,17.09.2025,29.09.2025
5043106,VERDICTMAX BTLCOX4X5L BRA,24J2887L17,L,2028-10-06 00:00:00,5210,3433,LEM 7413 DC CP,60.0,1089EA - Embalagem Avariada,Luis Eduardo Magalhães,Paulínia,3439,800.0,0.075,73.45,4407.0,5300112557.0,80820217.0,4100716243.0,2316757.0,PL001,12462.0,BRAVO,17.09.2025,29.09.2025
5043106,VERDICTMAX BTLCOX4X5L BRA,24J2887K89,L,2028-10-04 00:00:00,5210,3433,LEM 7413 DC CP,20.0,1001CD - caixa danificada,Luis Eduardo Magalhães,Paulínia,3439,800.0,0.025,73.45,1469.0,5300112557.0,80820217.0,4100716243.0,2316757.0,PL001,12462.0,BRAVO,17.09.2025,29.09.2025
5695446,VERDICTULTRA BTLCOX4X5L BRA,25H2887L36,L,2028-08-05 00:00:00,5210,3433,LEM 7413 DC CP,20.0,1001CD - caixa danificada,Luis Eduardo Magalhães,Paulínia,3439,960.0,0.020833333333333332,129.62,2592.4,5300112557.0,80820216.0,4100716242.0,2316757.0,PL001,12460.0,BRAVO,17.09.2025,29.09.2025
5695446,VERDICTULTRA BTLCOX4X5L BRA,25H2887L82,L,2028-08-06 00:00:00,5210,3433,LEM 7413 DC CP,40.0,1001CD - caixa danificada,Luis Eduardo Magalhães,Paulínia,3439,960.0,0.041666666666666664,129.62,5184.8,5300112557.0,80820216.0,4100716242.0,2316757.0,PL001,12460.0,BRAVO,17.09.2025,29.09.2025
5691545,VESSARYA NEW BTLFPE10L BRA,24J2887L12,L,2027-10-06 00:00:00,5240,2875,CTVA Carazinho 7413 DC CP,20.0,1026SU - produto sujo ,Carazinho,Paulínia,3439,750.0,0.02666666666666667,126.95,2539.0,5300108216.0,80776997.0,4100674697.0,2278362.0,PC003,33063.0,BRAVO,14.08.2025,22.08.2025
5691545,VESSARYA NEW BTLFPE10L BRA,24J2887L15,L,2027-10-06 00:00:00,5240,2875,CTVA Carazinho 7413 DC CP,180.0,1026SU - produto sujo ,Carazinho,Paulínia,3439,750.0,0.24,126.95,22851.0,5300108216.0,80776997.0,4100674697.0,2278362.0,PC003,33063.0,BRAVO,14.08.2025,22.08.2025
5691545,VESSARYA NEW BTLFPE10L BRA,24J2887L18,L,2027-10-07 00:00:00,5240,2875,CTVA Carazinho 7413 DC CP,90.0,1026SU - produto sujo ,Carazinho,Paulínia,3439,750.0,0.12,126.95,11425.5,5300108216.0,80776997.0,4100674697.0,2278362.0,PC003,33063.0,BRAVO,14.08.2025,22.08.2025
5691545,VESSARYA NEW BTLFPE10L BRA,24K2887N79,L,2027-11-25 00:00:00,5240,2875,CTVA Carazinho 7413 DC CP,10.0,1026SU - produto sujo ,Carazinho,Paulínia,3439,750.0,0.013333333333333334,126.95,1269.5,5300108216.0,80776997.0,4100674697.0,2278362.0,PC003,33063.0,BRAVO,14.08.2025,22.08.2025
5691545,VESSARYA NEW BTLFPE10L BRA,24K2887N87,L,2027-11-25 00:00:00,5240,2875,CTVA Carazinho 7413 DC CP,230.0,1026SU - produto sujo ,Carazinho,Paulínia,3439,750.0,0.30666666666666664,126.95,29198.5,5300108216.0,80776997.0,4100674697.0,2278362.0,PC003,33063.0,BRAVO,14.08.2025,22.08.2025
5691545,VESSARYA NEW BTLFPE10L BRA,24K2887O10,L,2027-11-28 00:00:00,5240,2875,CTVA Carazinho 7413 DC CP,750.0,1026SU - produto sujo ,Carazinho,Paulínia,3439,750.0,1.0,126.95,95212.5,5300108216.0,80776997.0,4100674697.0,2278362.0,PC003,33063.0,BRAVO,14.08.2025,22.08.2025
5691545,VESSARYA NEW BTLFPE10L BRA,24K2887O39,L,2027-11-30 00:00:00,5240,2875,CTVA Carazinho 7413 DC CP,1500.0,1026SU - produto sujo ,Carazinho,Paulínia,3439,750.0,2.0,126.95,190425.0,5300108216.0,80776997.0,4100674697.0,2278362.0,PC003,33063.0,BRAVO,14.08.2025,22.08.2025
5691545,VESSARYA NEW BTLFPE10L BRA,24K2887O40,L,2027-11-30 00:00:00,5240,2875,CTVA Carazinho 7413 DC CP,250.0,1026SU - produto sujo ,Carazinho,Paulínia,3439,750.0,0.3333333333333333,126.95,31737.5,5300108216.0,80776997.0,4100674697.0,2278362.0,PC003,33063.0,BRAVO,14.08.2025,22.08.2025
5691545,VESSARYA NEW BTLFPE10L BRA,24G2887YD8,L,2026-06-15 00:00:00,5240,2875,CTVA Carazinho 7413 DC CP,740.0,1026SU - produto sujo ,Carazinho,Paulínia,3439,750.0,0.9866666666666667,126.95,93943.0,5300111461.0,80807989.0,4100704822.0,2306639.0,PC004,33462.0,BRAVO,09.09.2025,16.09.2025
5691545,VESSARYA NEW BTLFPE10L BRA,24I2887M43,L,2026-09-12 00:00:00,5240,2875,CTVA Carazinho 7413 DC CP,1080.0,1026SU - produto sujo ,Carazinho,Paulínia,3439,750.0,1.44,126.95,137106.0,5300111461.0,80807989.0,4100704822.0,2306639.0,PC004,33462.0,BRAVO,09.09.2025,16.09.2025
5691545,VESSARYA NEW BTLFPE10L BRA,24J2887L43,L,2027-10-08 00:00:00,5240,2875,CTVA Carazinho 7413 DC CP,310.0,1026SU - produto sujo ,Carazinho,Paulínia,3439,750.0,0.41333333333333333,126.95,39354.5,5300111461.0,80807989.0,4100704822.0,2306639.0,PC004,33462.0,BRAVO,09.09.2025,16.09.2025
5691545,VESSARYA NEW BTLFPE10L BRA,24K2887O10,L,2027-11-28 00:00:00,5240,2875,CTVA Carazinho 7413 DC CP,310.0,1026SU - produto sujo ,Carazinho,Paulínia,3439,750.0,0.41333333333333333,126.95,39354.5,5300111461.0,80807989.0,4100704822.0,2306639.0,PC004,33462.0,BRAVO,09.09.2025,16.09.2025
5691545,VESSARYA NEW BTLFPE10L BRA,24K2887O25,L,2027-11-29 00:00:00,5240,2875,CTVA Carazinho 7413 DC CP,2330.0,1026SU - produto sujo ,Carazinho,Paulínia,3439,750.0,3.1066666666666665,126.95,295793.5,5300111461.0,80807989.0,4100704822.0,2306639.0,PC004,33462.0,BRAVO,09.09.2025,16.09.2025
5691545,VESSARYA NEW BTLFPE10L BRA,24K2887O39,L,2027-11-30 00:00:00,5240,2875,CTVA Carazinho 7413 DC CP,750.0,1026SU - produto sujo ,Carazinho,Paulínia,3439,750.0,1.0,126.95,95212.5,5300111461.0,80807989.0,4100704822.0,2306639.0,PC004,33462.0,BRAVO,09.09.2025,16.09.2025
5691545,VESSARYA NEW BTLFPE10L BRA,24K2887O40,L,2027-11-30 00:00:00,5240,2875,CTVA Carazinho 7413 DC CP,320.0,1026SU - produto sujo ,Carazinho,Paulínia,3439,750.0,0.4266666666666667,126.95,40624.0,5300111461.0,80807989.0,4100704822.0,2306639.0,PC004,33462.0,BRAVO,09.09.2025,16.09.2025
5691545,VESSARYA NEW BTLFPE10L BRA,24L2887N01,L,2027-12-22 00:00:00,5240,2875,CTVA Carazinho 7413 DC CP,220.0,1026SU - produto sujo ,Carazinho,Paulínia,3439,750.0,0.29333333333333333,126.95,27929.0,5300111461.0,80807989.0,4100704822.0,2306639.0,PC004,33462.0,BRAVO,09.09.2025,16.09.2025
5691545,VESSARYA NEW BTLFPE10L BRA,C021NB9194,L,2025-09-20 00:00:00,5240,2875,CTVA Carazinho 7413 DC CP,130.0,1026SU - produto sujo ,Carazinho,Paulínia,3439,750.0,0.17333333333333334,126.95,16503.5,5300111461.0,80807989.0,4100704822.0,2306639.0,PC004,33462.0,BRAVO,09.09.2025,16.09.2025
5691545,VESSARYA NEW BTLFPE10L BRA,C021NBF194,L,2025-09-20 00:00:00,5240,2875,CTVA Carazinho 7413 DC CP,80.0,1026SU - produto sujo ,Carazinho,Paulínia,3439,750.0,0.10666666666666667,126.95,10156.0,5300111461.0,80807989.0,4100704822.0,2306639.0,PC004,33462.0,BRAVO,09.09.2025,16.09.2025
5591887,VIOVAN BTLPE10L BRA,24G2887L05,L,2026-07-15 00:00:00,5240,2875,CTVA Carazinho 7413 DC CP,10.0,1026SU - produto sujo ,Carazinho,Paulínia,3439,750.0,0.013333333333333334,133.0,1330.0,5300106003.0,80759216.0,4100658291.0,,PC001,32852.0,BRAVO,29.07.2025,02.08.2025
5591887,VIOVAN BTLPE10L BRA,24G2887M22,L,2026-07-22 00:00:00,5240,2875,CTVA Carazinho 7413 DC CP,190.0,1026SU - produto sujo ,Carazinho,Paulínia,3439,750.0,0.25333333333333335,133.0,25270.0,5300106003.0,80759216.0,4100658291.0,,PC001,32852.0,BRAVO,29.07.2025,02.08.2025
5591887,VIOVAN BTLPE10L BRA,24J2887N08,L,2026-10-27 00:00:00,5240,2875,CTVA Carazinho 7413 DC CP,8250.0,1026SU - produto sujo ,Carazinho,Paulínia,3439,750.0,11.0,133.0,1097250.0,5300106003.0,80759216.0,4100658291.0,,PC001,32852.0,BRAVO,29.07.2025,02.08.2025
5591887,VIOVAN BTLPE10L BRA,24J2887N37,L,2026-10-28 00:00:00,5240,2875,CTVA Carazinho 7413 DC CP,2230.0,1026SU - produto sujo ,Carazinho,Paulínia,3439,750.0,2.973333333333333,133.0,296590.0,5300106003.0,80759216.0,4100658291.0,,PC001,32852.0,BRAVO,29.07.2025,02.08.2025
5591887,VIOVAN BTLPE10L BRA,24J2887N41,L,2026-10-29 00:00:00,5240,2875,CTVA Carazinho 7413 DC CP,130.0,1026SU - produto sujo ,Carazinho,Paulínia,3439,750.0,0.17333333333333334,133.0,17290.0,5300106003.0,80759225.0,4100658292.0,,PC001,32853.0,BRAVO,29.07.2025,02.08.2025
5591887,VIOVAN BTLPE10L BRA,24J2887N42,L,2026-10-29 00:00:00,5240,2875,CTVA Carazinho 7413 DC CP,4090.0,1026SU - produto sujo,Carazinho,Paulínia,3439,750.0,5.453333333333333,133.0,543970.0,5300106003.0,80759225.0,4100658292.0,,PC001,32853.0,BRAVO,29.07.2025,02.08.2025
5591887,VIOVAN BTLPE10L BRA,24J2887N44,L,2026-10-29 00:00:00,5240,2875,CTVA Carazinho 7413 DC CP,40.0,1026SU - produto sujo,Carazinho,Paulínia,3439,750.0,0.05333333333333334,133.0,5320.0,5300106003.0,80759225.0,4100658292.0,,PC001,32853.0,BRAVO,29.07.2025,02.08.2025
5591887,VIOVAN BTLPE10L BRA,24J2887N55,L,2026-10-29 00:00:00,5240,2875,CTVA Carazinho 7413 DC CP,3640.0,1026SU - produto sujo ,Carazinho,Paulínia,3439,750.0,4.8533333333333335,133.0,484120.0,5300106003.0,80759225.0,4100658292.0,,PC001,32853.0,BRAVO,29.07.2025,02.08.2025
5591887,VIOVAN BTLPE10L BRA,24J2887N56,L,2026-10-30 00:00:00,5240,2875,CTVA Carazinho 7413 DC CP,200.0,1026SU - produto sujo ,Carazinho,Paulínia,3439,750.0,0.26666666666666666,133.0,26600.0,5300106003.0,80759225.0,4100658292.0,,PC001,32853.0,BRAVO,29.07.2025,02.08.2025
5591887,VIOVAN BTLPE10L BRA,24K2887L67,L,2026-11-10 00:00:00,5240,2875,CTVA Carazinho 7413 DC CP,520.0,1026SU - produto sujo ,Carazinho,Paulínia,3439,750.0,0.6933333333333334,133.0,69160.0,5300106003.0,80759225.0,4100658292.0,,PC001,32853.0,BRAVO,29.07.2025,02.08.2025
5591887,VIOVAN BTLPE10L BRA,25A2887L66,L,2027-01-26 00:00:00,5240,2875,CTVA Carazinho 7413 DC CP,90.0,1026SU - produto sujo,Carazinho,Paulínia,3439,750.0,0.12,133.0,11970.0,5300106003.0,80759238.0,4100658653.0,,PC001,32855.0,BRAVO,29.07.2025,02.08.2025
5591887,VIOVAN BTLPE10L BRA,C021N9T165,L,2025-09-28 00:00:00,5240,2875,CTVA Carazinho 7413 DC CP,230.0,1026SU - produto sujo ,Carazinho,Paulínia,3439,750.0,0.30666666666666664,133.0,30590.0,5300106003.0,80759238.0,4100658653.0,,PC001,32855.0,BRAVO,29.07.2025,02.08.2025
5591887,VIOVAN BTLPE10L BRA,C021N43153,L,2025-04-01 00:00:00,5300,2875,CTVA Carazinho 7413 DC CP,60.0,1004PV - produto vencido,Carazinho,Paulínia,3439,750.0,0.08,133.0,7980.0,5300106003.0,80759238.0,4100658653.0,,PC001,32855.0,BRAVO,29.07.2025,02.08.2025
5591887,VIOVAN BTLPE10L BRA,C021N7V156,L,2025-07-30 00:00:00,5300,2875,CTVA Carazinho 7413 DC CP,690.0,1004PV - produto vencido,Carazinho,Paulínia,3439,750.0,0.92,133.0,91770.0,5300106003.0,80759238.0,4100658653.0,,PC001,32855.0,BRAVO,29.07.2025,02.08.2025
5591887,VIOVAN BTLPE10L BRA,C021N82154,L,2025-08-01 00:00:00,5300,2875,CTVA Carazinho 7413 DC CP,20.0,1026SU - produto sujo ,Carazinho,Paulínia,3439,750.0,0.02666666666666667,133.0,2660.0,5300106003.0,80759238.0,4100658653.0,,PC001,32855.0,BRAVO,29.07.2025,02.08.2025
5591887,VIOVAN BTLPE10L BRA,C021N8D163,L,2025-08-12 00:00:00,5300,2875,CTVA Carazinho 7413 DC CP,1470.0,1046MT - produto c/ menos de 30 dias vencimento,Carazinho,Paulínia,3439,750.0,1.96,133.0,195510.0,5300106003.0,80759238.0,4100658653.0,,PC001,32855.0,BRAVO,29.07.2025,02.08.2025
5591887,VIOVAN BTLPE10L BRA,C021N8G157,L,2025-08-15 00:00:00,5300,2875,CTVA Carazinho 7413 DC CP,20.0,1046MT - produto c/ menos de 30 dias vencimento,Carazinho,Paulínia,3439,750.0,0.02666666666666667,133.0,2660.0,5300106003.0,80759238.0,4100658653.0,,PC001,32855.0,BRAVO,29.07.2025,02.08.2025
5591887,VIOVAN BTLPE10L BRA,C021N8H151,L,2025-08-15 00:00:00,5300,2875,CTVA Carazinho 7413 DC CP,40.0,1046MT - produto c/ menos de 30 dias vencimento,Carazinho,Paulínia,3439,750.0,0.05333333333333334,133.0,5320.0,5300106003.0,80759238.0,4100658653.0,,PC001,32855.0,BRAVO,29.07.2025,02.08.2025
5591887,VIOVAN BTLPE10L BRA,C021N45151,L,2025-04-03 00:00:00,5300,3433,LEM 7413 DC CP,10.0,1004PV - produto vencido,Luis Eduardo Magalhães,Paulínia,3439,750.0,0.013333333333333334,133.0,1330.0,5300112557.0,80820244.0,4100716415.0,2316757.0,PL001,12457.0,BRAVO,17.09.2025,29.09.2025
5591887,VIOVAN BTLPE10L BRA,24J2887N34,L,2026-10-28 00:00:00,5240,2875,CTVA Carazinho 7413 DC CP,1990.0,1026SU - produto sujo ,Carazinho,Paulínia,3439,750.0,2.6533333333333333,133.0,264670.0,5300112814.0,80820651.0,4100716820.0,2317362.0,PC005,33599.0,BRAVO,17.09.2025,25.09.2025
5591887,VIOVAN BTLPE10L BRA,24J2887N44,L,2026-10-29 00:00:00,5240,2875,CTVA Carazinho 7413 DC CP,2190.0,1026SU - produto sujo ,Carazinho,Paulínia,3439,750.0,2.92,133.0,291270.0,5300112814.0,80820651.0,4100716820.0,2317362.0,PC005,33599.0,BRAVO,17.09.2025,25.09.2025
5591887,VIOVAN BTLPE10L BRA,24K2887L70,L,2026-11-10 00:00:00,5240,2875,CTVA Carazinho 7413 DC CP,210.0,1026SU - produto sujo ,Carazinho,Paulínia,3439,750.0,0.28,133.0,27930.0,5300112814.0,80820651.0,4100716820.0,2317362.0,PC005,33599.0,BRAVO,17.09.2025,25.09.2025
5591887,VIOVAN BTLPE10L BRA,C021N9T151,L,2025-09-27 00:00:00,5240,2875,CTVA Carazinho 7413 DC CP,330.0,1026SU - produto sujo ,Carazinho,Paulínia,3439,750.0,0.44,133.0,43890.0,5300112814.0,80820651.0,4100716820.0,2317362.0,PC005,33599.0,BRAVO,17.09.2025,25.09.2025
5591887,VIOVAN BTLPE10L BRA,C021N9T160,L,2025-09-28 00:00:00,5240,2875,CTVA Carazinho 7413 DC CP,1410.0,1026SU - produto sujo ,Carazinho,Paulínia,3439,750.0,1.88,133.0,187530.0,5300112814.0,80820651.0,4100716820.0,2317362.0,PC005,33599.0,BRAVO,17.09.2025,25.09.2025
5591887,VIOVAN BTLPE10L BRA,C021N7V153,L,2025-07-30 00:00:00,5300,2875,CTVA Carazinho 7413 DC CP,860.0,1004PV - produto vencido,Carazinho,Paulínia,3439,750.0,1.1466666666666667,133.0,114380.0,5300112814.0,80820651.0,4100716820.0,2317362.0,PC005,33599.0,BRAVO,17.09.2025,25.09.2025
5051275,JAGUARULTRA-S  DRMHPE50L BRA,25I2887K97,L,2028-09-05 00:00:00,5001,6361,ARIQUEMES  7413 WHS CP,300.0,1008VT - vazamento pela tampa,Ariquemes,Paulínia,3439,450.0,0.6666666666666666,,0.0,,,,,PA001,,,,
